# run,cmsls,prescidx,totprescval,hltpath/prescval,logic,l1bit/prescval
369927,1,5,1868.00,HLT_PFJet60_v25/4,ONE,L1_ZeroBias/467.00
369927,21,20,1868.00,HLT_PFJet60_v25/4,ONE,L1_ZeroBias/467.00
369927,63,12,1868.00,HLT_PFJet60_v25/4,ONE,L1_ZeroBias/467.00
# run,cmsls,prescidx,totprescval,hltpath/prescval,logic,l1bit/prescval
369943,1,5,11588.00,HLT_PFJet60_v25/4,ONE,L1_ZeroBias/2897.00
369943,2,12,11588.00,HLT_PFJet60_v25/4,ONE,L1_ZeroBias/2897.00
# run,cmsls,prescidx,totprescval,hltpath/prescval,logic,l1bit/prescval
369956,1,5,26932.00,HLT_PFJet60_v25/4,ONE,L1_ZeroBias/6733.00
369956,9,12,26932.00,HLT_PFJet60_v25/4,ONE,L1_ZeroBias/6733.00
369956,236,25,26932.00,HLT_PFJet60_v25/4,ONE,L1_ZeroBias/6733.00
369956,710,12,26932.00,HLT_PFJet60_v25/4,ONE,L1_ZeroBias/6733.00
# run,cmsls,prescidx,totprescval,hltpath/prescval,logic,l1bit/prescval
369978,1,12,34948.00,HLT_PFJet60_v25/4,ONE,L1_ZeroBias/8737.00
369978,193,6,34948.00,HLT_PFJet60_v25/4,ONE,L1_ZeroBias/8737.00
369978,499,12,34948.00,HLT_PFJet60_v25/4,ONE,L1_ZeroBias/8737.00
# run,cmsls,prescidx,totprescval,hltpath/prescval,logic,l1bit/prescval
369998,1,5,56204.00,HLT_PFJet60_v25/4,ONE,L1_ZeroBias/14051.00
369998,3,10,56204.00,HLT_PFJet60_v25/4,ONE,L1_ZeroBias/14051.00
# run,cmsls,prescidx,totprescval,hltpath/prescval,logic,l1bit/prescval
369999,1,10,56204.00,HLT_PFJet60_v25/4,ONE,L1_ZeroBias/14051.00
# run,cmsls,prescidx,totprescval,hltpath/prescval,logic,l1bit/prescval
370093,1,5,70324.00,HLT_PFJet60_v25/4,ONE,L1_ZeroBias/17581.00
370093,9,7,70324.00,HLT_PFJet60_v25/4,ONE,L1_ZeroBias/17581.00
370093,16,18,70324.00,HLT_PFJet60_v25/4,ONE,L1_ZeroBias/17581.00
370093,189,16,70324.00,HLT_PFJet60_v25/4,ONE,L1_ZeroBias/17581.00
370093,203,14,70324.00,HLT_PFJet60_v25/4,ONE,L1_ZeroBias/17581.00
370093,222,13,70324.00,HLT_PFJet60_v25/4,ONE,L1_ZeroBias/17581.00
370093,245,11,70324.00,HLT_PFJet60_v25/4,ONE,L1_ZeroBias/17581.00
370093,254,10,70324.00,HLT_PFJet60_v25/4,ONE,L1_ZeroBias/17581.00
370093,268,9,70324.00,HLT_PFJet60_v25/4,ONE,L1_ZeroBias/17581.00
370093,276,8,70324.00,HLT_PFJet60_v25/4,ONE,L1_ZeroBias/17581.00
370093,283,7,70324.00,HLT_PFJet60_v25/4,ONE,L1_ZeroBias/17581.00
370093,407,8,70324.00,HLT_PFJet60_v25/4,ONE,L1_ZeroBias/17581.00
# run,cmsls,prescidx,totprescval,hltpath/prescval,logic,l1bit/prescval
370097,1,5,70324.00,HLT_PFJet60_v25/4,ONE,L1_ZeroBias/17581.00
370097,22,7,70324.00,HLT_PFJet60_v25/4,ONE,L1_ZeroBias/17581.00
370097,25,8,70324.00,HLT_PFJet60_v25/4,ONE,L1_ZeroBias/17581.00
370097,31,9,70324.00,HLT_PFJet60_v25/4,ONE,L1_ZeroBias/17581.00
370097,49,11,70324.00,HLT_PFJet60_v25/4,ONE,L1_ZeroBias/17581.00
370097,162,12,70324.00,HLT_PFJet60_v25/4,ONE,L1_ZeroBias/17581.00
370097,243,13,70324.00,HLT_PFJet60_v25/4,ONE,L1_ZeroBias/17581.00
370097,282,14,70324.00,HLT_PFJet60_v25/4,ONE,L1_ZeroBias/17581.00
# run,cmsls,prescidx,totprescval,hltpath/prescval,logic,l1bit/prescval
370102,1,14,70324.00,HLT_PFJet60_v25/4,ONE,L1_ZeroBias/17581.00
370102,198,15,70324.00,HLT_PFJet60_v25/4,ONE,L1_ZeroBias/17581.00
370102,441,17,70324.00,HLT_PFJet60_v25/4,ONE,L1_ZeroBias/17581.00
# run,cmsls,prescidx,totprescval,hltpath/prescval,logic,l1bit/prescval
370129,1,5,70324.00,HLT_PFJet60_v25/4,ONE,L1_ZeroBias/17581.00
370129,91,7,70324.00,HLT_PFJet60_v25/4,ONE,L1_ZeroBias/17581.00
370129,115,8,70324.00,HLT_PFJet60_v25/4,ONE,L1_ZeroBias/17581.00
370129,145,9,70324.00,HLT_PFJet60_v25/4,ONE,L1_ZeroBias/17581.00
370129,169,10,70324.00,HLT_PFJet60_v25/4,ONE,L1_ZeroBias/17581.00
370129,216,7,70324.00,HLT_PFJet60_v25/4,ONE,L1_ZeroBias/17581.00
370129,263,5,70324.00,HLT_PFJet60_v25/4,ONE,L1_ZeroBias/17581.00
370129,325,7,70324.00,HLT_PFJet60_v25/4,ONE,L1_ZeroBias/17581.00
# run,cmsls,prescidx,totprescval,hltpath/prescval,logic,l1bit/prescval
370144,1,5,70324.00,HLT_PFJet60_v25/4,ONE,L1_ZeroBias/17581.00
370144,13,9,70324.00,HLT_PFJet60_v25/4,ONE,L1_ZeroBias/17581.00
370144,24,11,70324.00,HLT_PFJet60_v25/4,ONE,L1_ZeroBias/17581.00
370144,126,12,70324.00,HLT_PFJet60_v25/4,ONE,L1_ZeroBias/17581.00
370144,339,13,70324.00,HLT_PFJet60_v25/4,ONE,L1_ZeroBias/17581.00
370144,340,14,70324.00,HLT_PFJet60_v25/4,ONE,L1_ZeroBias/17581.00
370144,636,15,70324.00,HLT_PFJet60_v25/4,ONE,L1_ZeroBias/17581.00
370144,913,17,70324.00,HLT_PFJet60_v25/4,ONE,L1_ZeroBias/17581.00
# run,cmsls,prescidx,totprescval,hltpath/prescval,logic,l1bit/prescval
370169,1,5,70324.00,HLT_PFJet60_v25/4,ONE,L1_ZeroBias/17581.00
370169,66,9,70324.00,HLT_PFJet60_v25/4,ONE,L1_ZeroBias/17581.00
370169,68,16,70324.00,HLT_PFJet60_v25/4,ONE,L1_ZeroBias/17581.00
370169,96,14,70324.00,HLT_PFJet60_v25/4,ONE,L1_ZeroBias/17581.00
370169,122,12,70324.00,HLT_PFJet60_v25/4,ONE,L1_ZeroBias/17581.00
370169,140,11,70324.00,HLT_PFJet60_v25/4,ONE,L1_ZeroBias/17581.00
370169,154,10,70324.00,HLT_PFJet60_v25/4,ONE,L1_ZeroBias/17581.00
370169,174,9,70324.00,HLT_PFJet60_v25/4,ONE,L1_ZeroBias/17581.00
370169,181,8,70324.00,HLT_PFJet60_v25/4,ONE,L1_ZeroBias/17581.00
370169,183,7,70324.00,HLT_PFJet60_v25/4,ONE,L1_ZeroBias/17581.00
370169,597,8,70324.00,HLT_PFJet60_v25/4,ONE,L1_ZeroBias/17581.00
370169,691,9,70324.00,HLT_PFJet60_v25/4,ONE,L1_ZeroBias/17581.00
370169,696,10,70324.00,HLT_PFJet60_v25/4,ONE,L1_ZeroBias/17581.00
370169,834,11,70324.00,HLT_PFJet60_v25/4,ONE,L1_ZeroBias/17581.00
370169,1026,12,70324.00,HLT_PFJet60_v25/4,ONE,L1_ZeroBias/17581.00
370169,1042,13,70324.00,HLT_PFJet60_v25/4,ONE,L1_ZeroBias/17581.00
370169,1184,14,70324.00,HLT_PFJet60_v25/4,ONE,L1_ZeroBias/17581.00
# run,cmsls,prescidx,totprescval,hltpath/prescval,logic,l1bit/prescval
370172,1,14,70324.00,HLT_PFJet60_v25/4,ONE,L1_ZeroBias/17581.00
370172,7,15,70324.00,HLT_PFJet60_v25/4,ONE,L1_ZeroBias/17581.00
370172,121,16,70324.00,HLT_PFJet60_v25/4,ONE,L1_ZeroBias/17581.00
370172,204,17,70324.00,HLT_PFJet60_v25/4,ONE,L1_ZeroBias/17581.00
# run,cmsls,prescidx,totprescval,hltpath/prescval,logic,l1bit/prescval
370175,1,5,70324.00,HLT_PFJet60_v25/4,ONE,L1_ZeroBias/17581.00
370175,36,16,70324.00,HLT_PFJet60_v25/4,ONE,L1_ZeroBias/17581.00
370175,42,15,70324.00,HLT_PFJet60_v25/4,ONE,L1_ZeroBias/17581.00
370175,50,19,70324.00,HLT_PFJet60_v25/4,ONE,L1_ZeroBias/17581.00
370175,59,5,70324.00,HLT_PFJet60_v25/4,ONE,L1_ZeroBias/17581.00
370175,96,15,70324.00,HLT_PFJet60_v25/4,ONE,L1_ZeroBias/17581.00
370175,100,14,70324.00,HLT_PFJet60_v25/4,ONE,L1_ZeroBias/17581.00
370175,124,12,70324.00,HLT_PFJet60_v25/4,ONE,L1_ZeroBias/17581.00
370175,144,11,70324.00,HLT_PFJet60_v25/4,ONE,L1_ZeroBias/17581.00
370175,174,10,70324.00,HLT_PFJet60_v25/4,ONE,L1_ZeroBias/17581.00
370175,189,9,70324.00,HLT_PFJet60_v25/4,ONE,L1_ZeroBias/17581.00
370175,200,8,70324.00,HLT_PFJet60_v25/4,ONE,L1_ZeroBias/17581.00
370175,211,7,70324.00,HLT_PFJet60_v25/4,ONE,L1_ZeroBias/17581.00
370175,921,8,70324.00,HLT_PFJet60_v25/4,ONE,L1_ZeroBias/17581.00
370175,996,9,70324.00,HLT_PFJet60_v25/4,ONE,L1_ZeroBias/17581.00
370175,1076,10,70324.00,HLT_PFJet60_v25/4,ONE,L1_ZeroBias/17581.00
370175,1155,11,70324.00,HLT_PFJet60_v25/4,ONE,L1_ZeroBias/17581.00
370175,1277,13,70324.00,HLT_PFJet60_v25/4,ONE,L1_ZeroBias/17581.00
370175,1498,14,70324.00,HLT_PFJet60_v25/4,ONE,L1_ZeroBias/17581.00
# run,cmsls,prescidx,totprescval,hltpath/prescval,logic,l1bit/prescval
370293,1,5,70324.00,HLT_PFJet60_v25/4,ONE,L1_ZeroBias/17581.00
370293,60,14,70324.00,HLT_PFJet60_v25/4,ONE,L1_ZeroBias/17581.00
370293,96,13,70324.00,HLT_PFJet60_v25/4,ONE,L1_ZeroBias/17581.00
370293,113,12,70324.00,HLT_PFJet60_v25/4,ONE,L1_ZeroBias/17581.00
370293,116,11,70324.00,HLT_PFJet60_v25/4,ONE,L1_ZeroBias/17581.00
370293,123,10,70324.00,HLT_PFJet60_v25/4,ONE,L1_ZeroBias/17581.00
370293,131,9,70324.00,HLT_PFJet60_v25/4,ONE,L1_ZeroBias/17581.00
370293,136,8,70324.00,HLT_PFJet60_v25/4,ONE,L1_ZeroBias/17581.00
370293,142,7,70324.00,HLT_PFJet60_v25/4,ONE,L1_ZeroBias/17581.00
370293,162,5,70324.00,HLT_PFJet60_v25/4,ONE,L1_ZeroBias/17581.00
370293,167,3,70324.00,HLT_PFJet60_v25/4,ONE,L1_ZeroBias/17581.00
370293,174,6,70324.00,HLT_PFJet60_v25/4,ONE,L1_ZeroBias/17581.00
370293,266,5,70324.00,HLT_PFJet60_v25/4,ONE,L1_ZeroBias/17581.00
370293,395,7,70324.00,HLT_PFJet60_v25/4,ONE,L1_ZeroBias/17581.00
370293,967,9,70324.00,HLT_PFJet60_v25/4,ONE,L1_ZeroBias/17581.00
370293,997,10,70324.00,HLT_PFJet60_v25/4,ONE,L1_ZeroBias/17581.00
370293,1105,11,70324.00,HLT_PFJet60_v25/4,ONE,L1_ZeroBias/17581.00
370293,1245,12,70324.00,HLT_PFJet60_v25/4,ONE,L1_ZeroBias/17581.00
370293,1470,14,70324.00,HLT_PFJet60_v25/4,ONE,L1_ZeroBias/17581.00
# run,cmsls,prescidx,totprescval,hltpath/prescval,logic,l1bit/prescval
370294,1,14,70324.00,HLT_PFJet60_v25/4,ONE,L1_ZeroBias/17581.00
370294,137,15,70324.00,HLT_PFJet60_v25/4,ONE,L1_ZeroBias/17581.00
370294,414,17,70324.00,HLT_PFJet60_v25/4,ONE,L1_ZeroBias/17581.00
# run,cmsls,prescidx,totprescval,hltpath/prescval,logic,l1bit/prescval
370300,1,5,70324.00,HLT_PFJet60_v25/4,ONE,L1_ZeroBias/17581.00
370300,7,11,70324.00,HLT_PFJet60_v25/4,ONE,L1_ZeroBias/17581.00
370300,9,17,70324.00,HLT_PFJet60_v25/4,ONE,L1_ZeroBias/17581.00
370300,21,15,70324.00,HLT_PFJet60_v25/4,ONE,L1_ZeroBias/17581.00
370300,39,14,70324.00,HLT_PFJet60_v25/4,ONE,L1_ZeroBias/17581.00
370300,83,12,70324.00,HLT_PFJet60_v25/4,ONE,L1_ZeroBias/17581.00
370300,97,11,70324.00,HLT_PFJet60_v25/4,ONE,L1_ZeroBias/17581.00
370300,113,10,70324.00,HLT_PFJet60_v25/4,ONE,L1_ZeroBias/17581.00
370300,124,9,70324.00,HLT_PFJet60_v25/4,ONE,L1_ZeroBias/17581.00
370300,130,8,70324.00,HLT_PFJet60_v25/4,ONE,L1_ZeroBias/17581.00
370300,141,7,70324.00,HLT_PFJet60_v25/4,ONE,L1_ZeroBias/17581.00
370300,177,5,70324.00,HLT_PFJet60_v25/4,ONE,L1_ZeroBias/17581.00
370300,181,4,70324.00,HLT_PFJet60_v25/4,ONE,L1_ZeroBias/17581.00
370300,200,5,70324.00,HLT_PFJet60_v25/4,ONE,L1_ZeroBias/17581.00
370300,485,7,70324.00,HLT_PFJet60_v25/4,ONE,L1_ZeroBias/17581.00
370300,523,5,70324.00,HLT_PFJet60_v25/4,ONE,L1_ZeroBias/17581.00
370300,537,7,70324.00,HLT_PFJet60_v25/4,ONE,L1_ZeroBias/17581.00
370300,815,8,70324.00,HLT_PFJet60_v25/4,ONE,L1_ZeroBias/17581.00
370300,848,9,70324.00,HLT_PFJet60_v25/4,ONE,L1_ZeroBias/17581.00
370300,899,10,70324.00,HLT_PFJet60_v25/4,ONE,L1_ZeroBias/17581.00
# run,cmsls,prescidx,totprescval,hltpath/prescval,logic,l1bit/prescval
370304,1,5,70324.00,HLT_PFJet60_v25/4,ONE,L1_ZeroBias/17581.00
370304,10,7,70324.00,HLT_PFJet60_v25/4,ONE,L1_ZeroBias/17581.00
370304,13,8,70324.00,HLT_PFJet60_v25/4,ONE,L1_ZeroBias/17581.00
370304,15,10,70324.00,HLT_PFJet60_v25/4,ONE,L1_ZeroBias/17581.00
370304,17,11,70324.00,HLT_PFJet60_v25/4,ONE,L1_ZeroBias/17581.00
370304,125,12,70324.00,HLT_PFJet60_v25/4,ONE,L1_ZeroBias/17581.00
370304,223,13,70324.00,HLT_PFJet60_v25/4,ONE,L1_ZeroBias/17581.00
# run,cmsls,prescidx,totprescval,hltpath/prescval,logic,l1bit/prescval
370307,1,5,70324.00,HLT_PFJet60_v25/4,ONE,L1_ZeroBias/17581.00
370307,3,13,70324.00,HLT_PFJet60_v25/4,ONE,L1_ZeroBias/17581.00
370307,44,14,70324.00,HLT_PFJet60_v25/4,ONE,L1_ZeroBias/17581.00
370307,381,15,70324.00,HLT_PFJet60_v25/4,ONE,L1_ZeroBias/17581.00
370307,656,17,70324.00,HLT_PFJet60_v25/4,ONE,L1_ZeroBias/17581.00
# run,cmsls,prescidx,totprescval,hltpath/prescval,logic,l1bit/prescval
370321,1,5,70324.00,HLT_PFJet60_v25/4,ONE,L1_ZeroBias/17581.00
# run,cmsls,prescidx,totprescval,hltpath/prescval,logic,l1bit/prescval
370332,1,5,70324.00,HLT_PFJet60_v25/4,ONE,L1_ZeroBias/17581.00
370332,627,8,70324.00,HLT_PFJet60_v25/4,ONE,L1_ZeroBias/17581.00
370332,710,9,70324.00,HLT_PFJet60_v25/4,ONE,L1_ZeroBias/17581.00
370332,726,10,70324.00,HLT_PFJet60_v25/4,ONE,L1_ZeroBias/17581.00
370332,781,11,70324.00,HLT_PFJet60_v25/4,ONE,L1_ZeroBias/17581.00
370332,948,12,70324.00,HLT_PFJet60_v25/4,ONE,L1_ZeroBias/17581.00
370332,1151,14,70324.00,HLT_PFJet60_v25/4,ONE,L1_ZeroBias/17581.00
370332,1468,15,70324.00,HLT_PFJet60_v25/4,ONE,L1_ZeroBias/17581.00
370332,1721,16,70324.00,HLT_PFJet60_v25/4,ONE,L1_ZeroBias/17581.00
370332,1730,17,70324.00,HLT_PFJet60_v25/4,ONE,L1_ZeroBias/17581.00
# run,cmsls,prescidx,totprescval,hltpath/prescval,logic,l1bit/prescval
370340,1,5,70324.00,HLT_PFJet60_v25/4,ONE,L1_ZeroBias/17581.00
370340,27,15,70324.00,HLT_PFJet60_v25/4,ONE,L1_ZeroBias/17581.00
370340,45,14,70324.00,HLT_PFJet60_v25/4,ONE,L1_ZeroBias/17581.00
370340,57,15,70324.00,HLT_PFJet60_v25/4,ONE,L1_ZeroBias/17581.00
370340,67,14,70324.00,HLT_PFJet60_v25/4,ONE,L1_ZeroBias/17581.00
370340,86,13,70324.00,HLT_PFJet60_v25/4,ONE,L1_ZeroBias/17581.00
370340,98,11,70324.00,HLT_PFJet60_v25/4,ONE,L1_ZeroBias/17581.00
370340,107,10,70324.00,HLT_PFJet60_v25/4,ONE,L1_ZeroBias/17581.00
370340,121,9,70324.00,HLT_PFJet60_v25/4,ONE,L1_ZeroBias/17581.00
370340,132,8,70324.00,HLT_PFJet60_v25/4,ONE,L1_ZeroBias/17581.00
370340,147,7,70324.00,HLT_PFJet60_v25/4,ONE,L1_ZeroBias/17581.00
370340,159,5,70324.00,HLT_PFJet60_v25/4,ONE,L1_ZeroBias/17581.00
# run,cmsls,prescidx,totprescval,hltpath/prescval,logic,l1bit/prescval
370354,1,5,70324.00,HLT_PFJet60_v25/4,ONE,L1_ZeroBias/17581.00
370354,175,7,70324.00,HLT_PFJet60_v25/4,ONE,L1_ZeroBias/17581.00
# run,cmsls,prescidx,totprescval,hltpath/prescval,logic,l1bit/prescval
370357,1,5,70324.00,HLT_PFJet60_v25/4,ONE,L1_ZeroBias/17581.00
370357,8,7,70324.00,HLT_PFJet60_v25/4,ONE,L1_ZeroBias/17581.00
370357,217,8,70324.00,HLT_PFJet60_v25/4,ONE,L1_ZeroBias/17581.00
370357,221,9,70324.00,HLT_PFJet60_v25/4,ONE,L1_ZeroBias/17581.00
370357,285,10,70324.00,HLT_PFJet60_v25/4,ONE,L1_ZeroBias/17581.00
370357,408,11,70324.00,HLT_PFJet60_v25/4,ONE,L1_ZeroBias/17581.00
370357,561,12,70324.00,HLT_PFJet60_v25/4,ONE,L1_ZeroBias/17581.00
370357,579,9,70324.00,HLT_PFJet60_v25/4,ONE,L1_ZeroBias/17581.00
370357,592,12,70324.00,HLT_PFJet60_v25/4,ONE,L1_ZeroBias/17581.00
370357,652,10,70324.00,HLT_PFJet60_v25/4,ONE,L1_ZeroBias/17581.00
370357,658,12,70324.00,HLT_PFJet60_v25/4,ONE,L1_ZeroBias/17581.00
370357,763,14,70324.00,HLT_PFJet60_v25/4,ONE,L1_ZeroBias/17581.00
# run,cmsls,prescidx,totprescval,hltpath/prescval,logic,l1bit/prescval
370406,1,5,70324.00,HLT_PFJet60_v25/4,ONE,L1_ZeroBias/17581.00
370406,279,7,70324.00,HLT_PFJet60_v25/4,ONE,L1_ZeroBias/17581.00
370406,531,5,70324.00,HLT_PFJet60_v25/4,ONE,L1_ZeroBias/17581.00
370406,681,7,70324.00,HLT_PFJet60_v25/4,ONE,L1_ZeroBias/17581.00
370406,750,8,70324.00,HLT_PFJet60_v25/4,ONE,L1_ZeroBias/17581.00
370406,754,7,70324.00,HLT_PFJet60_v25/4,ONE,L1_ZeroBias/17581.00
370406,801,8,70324.00,HLT_PFJet60_v25/4,ONE,L1_ZeroBias/17581.00
370406,829,9,70324.00,HLT_PFJet60_v25/4,ONE,L1_ZeroBias/17581.00
# run,cmsls,prescidx,totprescval,hltpath/prescval,logic,l1bit/prescval
370436,1,9,70324.00,HLT_PFJet60_v25/4,ONE,L1_ZeroBias/17581.00
370436,15,10,70324.00,HLT_PFJet60_v25/4,ONE,L1_ZeroBias/17581.00
# run,cmsls,prescidx,totprescval,hltpath/prescval,logic,l1bit/prescval
370460,1,5,70324.00,HLT_PFJet60_v25/4,ONE,L1_ZeroBias/17581.00
370460,40,14,70324.00,HLT_PFJet60_v25/4,ONE,L1_ZeroBias/17581.00
370460,56,13,70324.00,HLT_PFJet60_v25/4,ONE,L1_ZeroBias/17581.00
370460,74,11,70324.00,HLT_PFJet60_v25/4,ONE,L1_ZeroBias/17581.00
370460,82,10,70324.00,HLT_PFJet60_v25/4,ONE,L1_ZeroBias/17581.00
370460,94,9,70324.00,HLT_PFJet60_v25/4,ONE,L1_ZeroBias/17581.00
370460,100,8,70324.00,HLT_PFJet60_v25/4,ONE,L1_ZeroBias/17581.00
370460,102,7,70324.00,HLT_PFJet60_v25/4,ONE,L1_ZeroBias/17581.00
# run,cmsls,prescidx,totprescval,hltpath/prescval,logic,l1bit/prescval
370472,1,5,70324.00,HLT_PFJet60_v25/4,ONE,L1_ZeroBias/17581.00
# run,cmsls,prescidx,totprescval,hltpath/prescval,logic,l1bit/prescval
370497,1,5,70324.00,HLT_PFJet60_v25/4,ONE,L1_ZeroBias/17581.00
370497,173,7,70324.00,HLT_PFJet60_v25/4,ONE,L1_ZeroBias/17581.00
370497,445,5,70324.00,HLT_PFJet60_v25/4,ONE,L1_ZeroBias/17581.00
370497,633,7,70324.00,HLT_PFJet60_v25/4,ONE,L1_ZeroBias/17581.00
370497,711,8,70324.00,HLT_PFJet60_v25/4,ONE,L1_ZeroBias/17581.00
370497,750,9,70324.00,HLT_PFJet60_v25/4,ONE,L1_ZeroBias/17581.00
370497,823,10,70324.00,HLT_PFJet60_v25/4,ONE,L1_ZeroBias/17581.00
370497,940,11,70324.00,HLT_PFJet60_v25/4,ONE,L1_ZeroBias/17581.00
370497,1085,12,70324.00,HLT_PFJet60_v25/4,ONE,L1_ZeroBias/17581.00
370497,1298,14,70324.00,HLT_PFJet60_v25/4,ONE,L1_ZeroBias/17581.00
# run,cmsls,prescidx,totprescval,hltpath/prescval,logic,l1bit/prescval
370522,1,5,70324.00,HLT_PFJet60_v25/4,ONE,L1_ZeroBias/17581.00
370522,65,7,70324.00,HLT_PFJet60_v25/4,ONE,L1_ZeroBias/17581.00
370522,85,14,70324.00,HLT_PFJet60_v25/4,ONE,L1_ZeroBias/17581.00
370522,104,13,70324.00,HLT_PFJet60_v25/4,ONE,L1_ZeroBias/17581.00
370522,108,7,70324.00,HLT_PFJet60_v25/4,ONE,L1_ZeroBias/17581.00
370522,244,5,70324.00,HLT_PFJet60_v25/4,ONE,L1_ZeroBias/17581.00
# run,cmsls,prescidx,totprescval,hltpath/prescval,logic,l1bit/prescval
370560,1,5,70324.00,HLT_PFJet60_v25/4,ONE,L1_ZeroBias/17581.00
370560,217,6,70324.00,HLT_PFJet60_v25/4,ONE,L1_ZeroBias/17581.00
370560,273,5,70324.00,HLT_PFJet60_v25/4,ONE,L1_ZeroBias/17581.00
# run,cmsls,prescidx,totprescval,hltpath/prescval,logic,l1bit/prescval
370579,1,5,70324.00,HLT_PFJet60_v25/4,ONE,L1_ZeroBias/17581.00
370579,52,14,70324.00,HLT_PFJet60_v25/4,ONE,L1_ZeroBias/17581.00
370579,80,12,70324.00,HLT_PFJet60_v25/4,ONE,L1_ZeroBias/17581.00
370579,92,11,70324.00,HLT_PFJet60_v25/4,ONE,L1_ZeroBias/17581.00
370579,103,10,70324.00,HLT_PFJet60_v25/4,ONE,L1_ZeroBias/17581.00
370579,117,7,70324.00,HLT_PFJet60_v25/4,ONE,L1_ZeroBias/17581.00
# run,cmsls,prescidx,totprescval,hltpath/prescval,logic,l1bit/prescval
370580,1,7,70324.00,HLT_PFJet60_v25/4,ONE,L1_ZeroBias/17581.00
370580,22,5,70324.00,HLT_PFJet60_v25/4,ONE,L1_ZeroBias/17581.00
370580,40,6,70324.00,HLT_PFJet60_v25/4,ONE,L1_ZeroBias/17581.00
370580,97,5,70324.00,HLT_PFJet60_v25/4,ONE,L1_ZeroBias/17581.00
370580,335,7,70324.00,HLT_PFJet60_v25/4,ONE,L1_ZeroBias/17581.00
370580,373,5,70324.00,HLT_PFJet60_v25/4,ONE,L1_ZeroBias/17581.00
370580,424,7,70324.00,HLT_PFJet60_v25/4,ONE,L1_ZeroBias/17581.00
370580,748,6,70324.00,HLT_PFJet60_v25/4,ONE,L1_ZeroBias/17581.00
370580,778,7,70324.00,HLT_PFJet60_v25/4,ONE,L1_ZeroBias/17581.00
370580,791,9,70324.00,HLT_PFJet60_v25/4,ONE,L1_ZeroBias/17581.00
370580,822,10,70324.00,HLT_PFJet60_v25/4,ONE,L1_ZeroBias/17581.00
370580,940,6,70324.00,HLT_PFJet60_v25/4,ONE,L1_ZeroBias/17581.00
370580,971,10,70324.00,HLT_PFJet60_v25/4,ONE,L1_ZeroBias/17581.00
370580,975,11,70324.00,HLT_PFJet60_v25/4,ONE,L1_ZeroBias/17581.00
370580,1090,12,70324.00,HLT_PFJet60_v25/4,ONE,L1_ZeroBias/17581.00
370580,1316,14,70324.00,HLT_PFJet60_v25/4,ONE,L1_ZeroBias/17581.00
370580,1642,15,70324.00,HLT_PFJet60_v25/4,ONE,L1_ZeroBias/17581.00
370580,1919,17,70324.00,HLT_PFJet60_v25/4,ONE,L1_ZeroBias/17581.00
370580,2469,19,70324.00,HLT_PFJet60_v25/4,ONE,L1_ZeroBias/17581.00
370580,2836,20,70324.00,HLT_PFJet60_v25/4,ONE,L1_ZeroBias/17581.00
# run,cmsls,prescidx,totprescval,hltpath/prescval,logic,l1bit/prescval
370667,1,21,0.00,HLT_PFJet60_v25/0,ONE,L1_ZeroBias/17581.00
370667,5,5,70324.00,HLT_PFJet60_v25/4,ONE,L1_ZeroBias/17581.00
370667,21,9,70324.00,HLT_PFJet60_v25/4,ONE,L1_ZeroBias/17581.00
370667,52,8,70324.00,HLT_PFJet60_v25/4,ONE,L1_ZeroBias/17581.00
370667,70,7,70324.00,HLT_PFJet60_v25/4,ONE,L1_ZeroBias/17581.00
370667,71,9,70324.00,HLT_PFJet60_v25/4,ONE,L1_ZeroBias/17581.00
370667,90,10,70324.00,HLT_PFJet60_v25/4,ONE,L1_ZeroBias/17581.00
# run,cmsls,prescidx,totprescval,hltpath/prescval,logic,l1bit/prescval
370717,1,5,70324.00,HLT_PFJet60_v25/4,ONE,L1_ZeroBias/17581.00
370717,93,14,70324.00,HLT_PFJet60_v25/4,ONE,L1_ZeroBias/17581.00
370717,101,12,70324.00,HLT_PFJet60_v25/4,ONE,L1_ZeroBias/17581.00
370717,113,11,70324.00,HLT_PFJet60_v25/4,ONE,L1_ZeroBias/17581.00
370717,128,9,70324.00,HLT_PFJet60_v25/4,ONE,L1_ZeroBias/17581.00
370717,142,7,70324.00,HLT_PFJet60_v25/4,ONE,L1_ZeroBias/17581.00
# run,cmsls,prescidx,totprescval,hltpath/prescval,logic,l1bit/prescval
370725,1,5,70324.00,HLT_PFJet60_v25/4,ONE,L1_ZeroBias/17581.00
370725,31,13,70324.00,HLT_PFJet60_v25/4,ONE,L1_ZeroBias/17581.00
370725,42,14,70324.00,HLT_PFJet60_v25/4,ONE,L1_ZeroBias/17581.00
370725,61,15,70324.00,HLT_PFJet60_v25/4,ONE,L1_ZeroBias/17581.00
370725,69,14,70324.00,HLT_PFJet60_v25/4,ONE,L1_ZeroBias/17581.00
370725,91,12,70324.00,HLT_PFJet60_v25/4,ONE,L1_ZeroBias/17581.00
370725,113,11,70324.00,HLT_PFJet60_v25/4,ONE,L1_ZeroBias/17581.00
370725,123,10,70324.00,HLT_PFJet60_v25/4,ONE,L1_ZeroBias/17581.00
370725,132,9,70324.00,HLT_PFJet60_v25/4,ONE,L1_ZeroBias/17581.00
370725,138,8,70324.00,HLT_PFJet60_v25/4,ONE,L1_ZeroBias/17581.00
370725,183,7,70324.00,HLT_PFJet60_v25/4,ONE,L1_ZeroBias/17581.00
370725,189,5,70324.00,HLT_PFJet60_v25/4,ONE,L1_ZeroBias/17581.00
370725,420,7,70324.00,HLT_PFJet60_v25/4,ONE,L1_ZeroBias/17581.00
370725,431,8,70324.00,HLT_PFJet60_v25/4,ONE,L1_ZeroBias/17581.00
370725,442,7,70324.00,HLT_PFJet60_v25/4,ONE,L1_ZeroBias/17581.00
# run,cmsls,prescidx,totprescval,hltpath/prescval,logic,l1bit/prescval
370749,1,5,70324.00,HLT_PFJet60_v25/4,ONE,L1_ZeroBias/17581.00
370749,15,9,70324.00,HLT_PFJet60_v25/4,ONE,L1_ZeroBias/17581.00
370749,25,12,70324.00,HLT_PFJet60_v25/4,ONE,L1_ZeroBias/17581.00
370749,39,16,70324.00,HLT_PFJet60_v25/4,ONE,L1_ZeroBias/17581.00
370749,47,14,70324.00,HLT_PFJet60_v25/4,ONE,L1_ZeroBias/17581.00
370749,104,13,70324.00,HLT_PFJet60_v25/4,ONE,L1_ZeroBias/17581.00
370749,105,12,70324.00,HLT_PFJet60_v25/4,ONE,L1_ZeroBias/17581.00
370749,122,11,70324.00,HLT_PFJet60_v25/4,ONE,L1_ZeroBias/17581.00
370749,136,10,70324.00,HLT_PFJet60_v25/4,ONE,L1_ZeroBias/17581.00
370749,148,9,70324.00,HLT_PFJet60_v25/4,ONE,L1_ZeroBias/17581.00
370749,151,8,70324.00,HLT_PFJet60_v25/4,ONE,L1_ZeroBias/17581.00
370749,155,7,70324.00,HLT_PFJet60_v25/4,ONE,L1_ZeroBias/17581.00
370749,156,5,70324.00,HLT_PFJet60_v25/4,ONE,L1_ZeroBias/17581.00
370749,157,7,70324.00,HLT_PFJet60_v25/4,ONE,L1_ZeroBias/17581.00
370749,956,9,70324.00,HLT_PFJet60_v25/4,ONE,L1_ZeroBias/17581.00
370749,1017,10,70324.00,HLT_PFJet60_v25/4,ONE,L1_ZeroBias/17581.00
370749,1134,11,70324.00,HLT_PFJet60_v25/4,ONE,L1_ZeroBias/17581.00
370749,1285,12,70324.00,HLT_PFJet60_v25/4,ONE,L1_ZeroBias/17581.00
370749,1514,14,70324.00,HLT_PFJet60_v25/4,ONE,L1_ZeroBias/17581.00
# run,cmsls,prescidx,totprescval,hltpath/prescval,logic,l1bit/prescval
370753,1,14,70324.00,HLT_PFJet60_v25/4,ONE,L1_ZeroBias/17581.00
# run,cmsls,prescidx,totprescval,hltpath/prescval,logic,l1bit/prescval
370772,1,5,70324.00,HLT_PFJet60_v25/4,ONE,L1_ZeroBias/17581.00
370772,12,15,70324.00,HLT_PFJet60_v25/4,ONE,L1_ZeroBias/17581.00
370772,28,12,70324.00,HLT_PFJet60_v25/4,ONE,L1_ZeroBias/17581.00
370772,62,14,70324.00,HLT_PFJet60_v25/4,ONE,L1_ZeroBias/17581.00
370772,85,12,70324.00,HLT_PFJet60_v25/4,ONE,L1_ZeroBias/17581.00
370772,98,11,70324.00,HLT_PFJet60_v25/4,ONE,L1_ZeroBias/17581.00
370772,106,10,70324.00,HLT_PFJet60_v25/4,ONE,L1_ZeroBias/17581.00
370772,121,9,70324.00,HLT_PFJet60_v25/4,ONE,L1_ZeroBias/17581.00
370772,130,8,70324.00,HLT_PFJet60_v25/4,ONE,L1_ZeroBias/17581.00
370772,148,7,70324.00,HLT_PFJet60_v25/4,ONE,L1_ZeroBias/17581.00
370772,177,5,70324.00,HLT_PFJet60_v25/4,ONE,L1_ZeroBias/17581.00
370772,775,7,70324.00,HLT_PFJet60_v25/4,ONE,L1_ZeroBias/17581.00
370772,778,8,70324.00,HLT_PFJet60_v25/4,ONE,L1_ZeroBias/17581.00
370772,782,9,70324.00,HLT_PFJet60_v25/4,ONE,L1_ZeroBias/17581.00
370772,783,8,70324.00,HLT_PFJet60_v25/4,ONE,L1_ZeroBias/17581.00
370772,786,7,70324.00,HLT_PFJet60_v25/4,ONE,L1_ZeroBias/17581.00
370772,789,5,70324.00,HLT_PFJet60_v25/4,ONE,L1_ZeroBias/17581.00
370772,1060,7,70324.00,HLT_PFJet60_v25/4,ONE,L1_ZeroBias/17581.00
370772,1063,8,70324.00,HLT_PFJet60_v25/4,ONE,L1_ZeroBias/17581.00
370772,1069,9,70324.00,HLT_PFJet60_v25/4,ONE,L1_ZeroBias/17581.00
370772,1101,10,70324.00,HLT_PFJet60_v25/4,ONE,L1_ZeroBias/17581.00
370772,1227,11,70324.00,HLT_PFJet60_v25/4,ONE,L1_ZeroBias/17581.00
# run,cmsls,prescidx,totprescval,hltpath/prescval,logic,l1bit/prescval
370774,1,11,70324.00,HLT_PFJet60_v25/4,ONE,L1_ZeroBias/17581.00
370774,83,12,70324.00,HLT_PFJet60_v25/4,ONE,L1_ZeroBias/17581.00
# run,cmsls,prescidx,totprescval,hltpath/prescval,logic,l1bit/prescval
370775,1,12,70324.00,HLT_PFJet60_v25/4,ONE,L1_ZeroBias/17581.00
370775,142,14,70324.00,HLT_PFJet60_v25/4,ONE,L1_ZeroBias/17581.00
# run,cmsls,prescidx,totprescval,hltpath/prescval,logic,l1bit/prescval
370776,1,14,70324.00,HLT_PFJet60_v25/4,ONE,L1_ZeroBias/17581.00
# run,cmsls,prescidx,totprescval,hltpath/prescval,logic,l1bit/prescval
370790,1,5,70324.00,HLT_PFJet60_v25/4,ONE,L1_ZeroBias/17581.00
